{"app":["/app-74139758f9f33898489f.js"],"component---node-modules-gatsby-plugin-offline-app-shell-js":["/component---node-modules-gatsby-plugin-offline-app-shell-js-cf44f370a2cf095dff4b.js"],"component---src-templates-contentful-page-js":["/component---src-templates-contentful-page-js-11b1363575171da1d002.js"],"component---src-templates-blog-post-listing-js":["/component---src-templates-blog-post-listing-js-c4abfc33321a2a41a887.js"],"component---src-templates-blog-post-js":["/component---src-templates-blog-post-js-7cbb4903e806b210b829.js"],"component---src-pages-404-js":["/component---src-pages-404-js-238ccf6503f5e8c181d4.js"],"component---src-pages-index-js":["/component---src-pages-index-js-d20669b4a8f49161e395.js"],"pages-manifest":["/pages-manifest-aa3db428517a931d0f29.js"]}