{"errors":[],"warnings":[],"namedChunkGroups":{"app":{"chunks":[10,2],"assets":["webpack-runtime-830a53a22714c8989c55.js","webpack-runtime-830a53a22714c8989c55.js.map","app-74139758f9f33898489f.js","app-74139758f9f33898489f.js.map"],"children":{},"childAssets":{}},"component---node-modules-gatsby-plugin-offline-app-shell-js":{"chunks":[3],"assets":["component---node-modules-gatsby-plugin-offline-app-shell-js-cf44f370a2cf095dff4b.js","component---node-modules-gatsby-plugin-offline-app-shell-js-cf44f370a2cf095dff4b.js.map"],"children":{},"childAssets":{}},"component---src-templates-contentful-page-js":{"chunks":[0,1,8],"assets":["0.8824cabb1aabfbb9b024.css","0-8ae053cda212f65d2d40.js","0-8ae053cda212f65d2d40.js.map","1.caa39f806e5103a650b3.css","1-a8b57239593d618c012b.js","1-a8b57239593d618c012b.js.map","component---src-templates-contentful-page-js-11b1363575171da1d002.js","component---src-templates-contentful-page-js-11b1363575171da1d002.js.map"],"children":{},"childAssets":{}},"component---src-templates-blog-post-listing-js":{"chunks":[0,1,7],"assets":["0.8824cabb1aabfbb9b024.css","0-8ae053cda212f65d2d40.js","0-8ae053cda212f65d2d40.js.map","1.caa39f806e5103a650b3.css","1-a8b57239593d618c012b.js","1-a8b57239593d618c012b.js.map","component---src-templates-blog-post-listing-js-c4abfc33321a2a41a887.js","component---src-templates-blog-post-listing-js-c4abfc33321a2a41a887.js.map"],"children":{},"childAssets":{}},"component---src-templates-blog-post-js":{"chunks":[0,1,6],"assets":["0.8824cabb1aabfbb9b024.css","0-8ae053cda212f65d2d40.js","0-8ae053cda212f65d2d40.js.map","1.caa39f806e5103a650b3.css","1-a8b57239593d618c012b.js","1-a8b57239593d618c012b.js.map","component---src-templates-blog-post-js-7cbb4903e806b210b829.js","component---src-templates-blog-post-js-7cbb4903e806b210b829.js.map"],"children":{},"childAssets":{}},"component---src-pages-404-js":{"chunks":[4],"assets":["component---src-pages-404-js-238ccf6503f5e8c181d4.js","component---src-pages-404-js-238ccf6503f5e8c181d4.js.map"],"children":{},"childAssets":{}},"component---src-pages-index-js":{"chunks":[0,1,5],"assets":["0.8824cabb1aabfbb9b024.css","0-8ae053cda212f65d2d40.js","0-8ae053cda212f65d2d40.js.map","1.caa39f806e5103a650b3.css","1-a8b57239593d618c012b.js","1-a8b57239593d618c012b.js.map","component---src-pages-index-js-d20669b4a8f49161e395.js","component---src-pages-index-js-d20669b4a8f49161e395.js.map"],"children":{},"childAssets":{}},"pages-manifest":{"chunks":[9],"assets":["pages-manifest-aa3db428517a931d0f29.js","pages-manifest-aa3db428517a931d0f29.js.map"],"children":{},"childAssets":{}}},"assetsByChunkName":{"app":["webpack-runtime-830a53a22714c8989c55.js","app-74139758f9f33898489f.js"],"component---node-modules-gatsby-plugin-offline-app-shell-js":["component---node-modules-gatsby-plugin-offline-app-shell-js-cf44f370a2cf095dff4b.js"],"component---src-templates-contentful-page-js":["0.8824cabb1aabfbb9b024.css","0-8ae053cda212f65d2d40.js","1.caa39f806e5103a650b3.css","1-a8b57239593d618c012b.js","component---src-templates-contentful-page-js-11b1363575171da1d002.js"],"component---src-templates-blog-post-listing-js":["0.8824cabb1aabfbb9b024.css","0-8ae053cda212f65d2d40.js","1.caa39f806e5103a650b3.css","1-a8b57239593d618c012b.js","component---src-templates-blog-post-listing-js-c4abfc33321a2a41a887.js"],"component---src-templates-blog-post-js":["0.8824cabb1aabfbb9b024.css","0-8ae053cda212f65d2d40.js","1.caa39f806e5103a650b3.css","1-a8b57239593d618c012b.js","component---src-templates-blog-post-js-7cbb4903e806b210b829.js"],"component---src-pages-404-js":["component---src-pages-404-js-238ccf6503f5e8c181d4.js"],"component---src-pages-index-js":["0.8824cabb1aabfbb9b024.css","0-8ae053cda212f65d2d40.js","1.caa39f806e5103a650b3.css","1-a8b57239593d618c012b.js","component---src-pages-index-js-d20669b4a8f49161e395.js"],"pages-manifest":["pages-manifest-aa3db428517a931d0f29.js"]}}