{"pageContext":{"group":[{"node":{"id":"7f243ecd-28e8-55c0-bfac-8abbb9cf1d72","postTitle":"Goodbye to dedicated server hosting 😢","datePosted":"2018-08-11","contentPreview":{"childMarkdownRemark":{"html":"<p>For the first time in 14 years, I'm no longer renting a dedicated webserver to run my projects.</p>"}},"postSlug":"goodbye-to-dedicated-server-hosting"}},{"node":{"id":"e26a8458-55ac-558d-adb5-1b439eb5e036","postTitle":"Running GatsbyJS using Amazon S3 and CloudFront","datePosted":"2018-08-04","contentPreview":{"childMarkdownRemark":{"html":"<p>Hosting a static site on AWS is great as long as you can work through some nitty-gritty details.</p>"}},"postSlug":"gatsbyjs-using-amazon-s3-and-cloudfront"}},{"node":{"id":"08992ee1-64d7-599d-8a65-ed8546ab7db8","postTitle":"Quick thoughts on Airbnb sunsetting React Native","datePosted":"2018-06-26","contentPreview":{"childMarkdownRemark":{"html":"<p>Airbnb is no longer using React Native for its applications and everyone has an opinion on their decision.</p>"}},"postSlug":"thoughts-airbnb-sunsetting-react-native"}},{"node":{"id":"3aa3be14-3c24-5bc9-9953-aa4e3340c2ed","postTitle":"The move to GatsbyJS - Part 1","datePosted":"2018-06-23","contentPreview":{"childMarkdownRemark":{"html":"<p>Why did I feel the need to move off of WordPress and how am I doing it?</p>"}},"postSlug":"the-move-to-gatsbyjs"}}],"pathPrefix":"blog","first":true,"last":true,"index":1,"pageCount":1,"additionalContext":{}}}