{"data":{"site":{"siteMetadata":{"siteUrl":"https://www.bayphillips.com","description":"Personal blog for Bay Phillips, a Software Engineering Manager based out of NYC working with other really smart people.","keywords":"ios,swift,react,fullstack,rails,engineer,engineering manager,nyc,new york city,cooking,Plated"}},"defaultImage":{"fixed":{"src":"//images.ctfassets.net/sk06mmp11skx/d9teuYdzO04WwsokKCwKy/f482e0eff87af9c8a7f267e3f579b26d/NfSYD3A2_400x400.jpeg?w=900&h=450&q=50&fit=fill"}},"menu":{"edges":[{"node":{"id":"d6647d0f-86bd-5e71-9580-a3bedd0c8862","name":"Main menu","items":[{"id":"dbe2e08e-0980-53eb-bea3-3aef69c5a7e2","name":"Blog","page":{"id":"ac6baf54-1e24-5ebf-aa5e-5871382557be","slug":"blog"}},{"id":"92fc5b24-5a5a-522d-a28a-e0d6c0248d8d","name":"About me","page":{"id":"50ea8df4-af58-59ac-b0f8-3fb12a89e274","slug":"about"}}]}}]}}}